test,Overload in the hell,Тест
test1,Overload 1,тест1
test2,Overload 2,тест2
test3,Overload 3,тест3
test4,Overload 4,тест4
test5,Overload 5,тест5
test6,Overload 6,тест6
test7,Overload 7,тест7
test8,Overload 8,тест8
test9,Overload 9,тест9
test10,Overload 10,тест10
test11,Overload 11,тест11
test12,Overload 12,тест12
test13,Overload 13,тест13
test14,Overload 14,тест14
test15,Overload 15,тест15
test16,Overload 16,тест16
test17,Overload 17,тест17
test18,Overload 18,тест18
test19,Overload 19,тест19
test20,Overload 20,тест20
test21,Overload 21,тест21
test22,Overload 22,тест22
test23,Overload 23,тест23
test24,Overload 24,тест24
test25,Overload 25,тест25
test26,Overload 26,тест26
test27,Overload 27,тест27
test28,Overload 28,тест28
test29,Overload 29,тест29