"Иванов1","Иван1","Иваныч1","test","test","test","test","test","test","test","test","test","test","test","test","test","test","test","test","test","test","test","test","test","test","test","test","test","test","test","test","test","test","test","test","test","test","test","test","test","test","test","test","test","test","test","test","test","test","test","test","test","test","test","test","test","test","test","test","test","test","test","test","test","test","test","test","test","test","test","test","test","test","test","test","test"
"Иванов2","Иван2","Иваныч2","test","test","test","test","test","test","test","test","test","test","test","test","test","test","test","test","test","test","test","test","test","test","test","test","test","test","test","test","test","test","test","test","test","test","test","test","test","test","test","test","test","test","test","test","test","test","test","test","test","test","test","test","test","test","test","test","test","test","test","test","test","test","test","test","test","test","test","test","test","test","test","test","test"
"Иванов3","Иван3","Иваныч3","test","test","test","test","test","test","test","test","test","test","test","test","test","test","test","test","test","test","test","test","test","test","test","test","test","test","test","test","test","test","test","test","test","test","test","test","test","test","test","test","test","test","test","test","test","test","test","test","test","test","test","test","test","test","test","test","test","test","test","test","test","test","test","test","test","test","test","test","test","test","test","test","test"
"Иванов4","Иван4","Иваныч4","test","test","test","test","test","test","test","test","test","test","test","test","test","test","test","test","test","test","test","test","test","test","test","test","test","test","test","test","test","test","test","test","test","test","test","test","test","test","test","test","test","test","test","test","test","test","test","test","test","test","test","test","test","test","test","test","test","test","test","test","test","test","test","test","test","test","test","test","test","test","test","test","test"
"Мацкус","Роман","Евгеньевич","test","test","test","test","test","test","test","test","test","test","test","test","test","test","test","test","test","test","test","test","test","test","test","test","test","test","test","test","test","test","test","test","test","test","test","test","test","test","test","test","test","test","test","test","test","test","test","test","test","test","test","test","test","test","test","test","test","test","test","test","test","test","test","test","test","test","test","test","test","test","test","test","test"
"Мацкус","Людмила"," Максимовна","test","test","test","test","test","test","test","test","test","test","test","test","test","test","test","test","test","test","test","test","test","test","test","test","test","test","test","test","test","test","test","test","test","test","test","test","test","test","test","test","test","test","test","test","test","test","test","test","test","test","test","test","test","test","test","test","test","test","test","test","test","test","test","test","test","test","test","test","test","test","test","test","test"
"Старостин","Николай","Петрович","test","test","test","test","test","test","test","test","test","test","test","test","test","test","test","test","test","test","test","test","test","test","test","test","test","test","test","test","test","test","test","test","test","test","test","test","test","test","test","test","test","test","test","test","test","test","test","test","test","test","test","test","test","test","test","test","test","test","test","test","test","test","test","test","test","test","test","test","test","test","test","test","test"
"Петров","Петр","Петрович","test","test","test","test","test","test","test","test","test","test","test","test","test","test","test","test","test","test","test","test","test","test","test","test","test","test","test","test","test","test","test","test","test","test","test","test","test","test","test","test","test","test","test","test","test","test","test","test","test","test","test","test","test","test","test","test","test","test","test","test","test","test","test","test","test","test","test","test","test","test","test","test","test"
"Петров","Петр","Петрович","test","test","test","test","test","test","test","test","test","test","test","test","test","test","test","test","test","test","test","test","test","test","test","test","test","test","test","test","test","test","test","test","test","test","test","test","test","test","test","test","test","test","test","test","test","test","test","test","test","test","test","test","test","test","test","test","test","test","test","test","test","test","test","test","test","test","test","test","test","test","test","test","test"
"Петров","Петр","Петрович","test","test","test","test","test","test","test","test","test","test","test","test","test","test","test","test","test","test","test","test","test","test","test","test","test","test","test","test","test","test","test","test","test","test","test","test","test","test","test","test","test","test","test","test","test","test","test","test","test","test","test","test","test","test","test","test","test","test","test","test","test","test","test","test","test","test","test","test","test","test","test","test","test"
"Я","Запилил","Заглуху","test","test","test","test","test","test","test","test","test","test","test","test","test","test","test","test","test","test","test","test","test","test","test","test","test","test","test","test","test","test","test","test","test","test","test","test","test","test","test","test","test","test","test","test","test","test","test","test","test","test","test","test","test","test","test","test","test","test","test","test","test","test","test","test","test","test","test","test","test","test","test","test","test"
